"PERMNO","Company Name","Ticker","SP500 Start","SP500 End"
"10104","ORACLE CORP","ORCL","Aug. 3, 1989","Dec. 31, 2024"
"10107","MICROSOFT CORP","MSFT","June 7, 1994","Dec. 31, 2024"
"10138","T ROWE PRICE GROUP INC","TROW","Oct. 13, 1999","Dec. 31, 2024"
"10145","HONEYWELL INTERNATIONAL INC","HON","Dec. 31, 1925","Dec. 31, 2024"
"10299","LINEAR TECHNOLOGY CORP","LLTC","April 3, 2000","March 10, 2017"
"10516","ARCHER DANIELS MIDLAND CO","ADM","July 30, 1981","Dec. 31, 2024"
"10696","FISERV INC","FISV","April 2, 2001","Dec. 31, 2024"
"10909","CERNER CORP","CERN","April 30, 2010","June 7, 2022"
"11308","COCA COLA CO","KO","March 1, 1957","Dec. 31, 2024"
"11404","CONSOLIDATED EDISON INC","ED","Dec. 31, 1925","Dec. 31, 2024"
"11552","CELGENE CORP","CELG","Nov. 6, 2006","Nov. 20, 2019"
"11600","DENTSPLY SIRONA INC","XRAY","Nov. 14, 2008","April 2, 2024"
"11618","FASTENAL CO","FAST","Sept. 15, 2008","Dec. 31, 2024"
"11674","D T E ENERGY CO","DTE","Dec. 31, 1925","Dec. 31, 2024"
"11703","DU PONT E I DE NEMOURS & CO","DD","March 1, 1957","Aug. 31, 2017"
"11762","EATON CORP PLC","ETN","March 1, 1957","Dec. 31, 2024"
"11850","EXXON MOBIL CORP","XOM","Dec. 31, 1925","Dec. 31, 2024"
"11955","WASTE MANAGEMENT INC DEL","WM","July 17, 1998","Dec. 31, 2024"
"12052","GENERAL DYNAMICS CORP","GD","March 1, 1957","Dec. 31, 2024"
"12060","GENERAL ELECTRIC CO","GE","March 1, 1957","Dec. 31, 2024"
"12062","LABORATORY CORP AMERICA HLDGS","LH","Nov. 1, 2004","Dec. 31, 2024"
"12073","PEOPLES UNITED FINANCIAL INC","PBCT","Nov. 13, 2008","April 1, 2022"
"12076","SIGNET JEWELERS LTD","SIG","July 29, 2015","March 16, 2018"
"12308","CHARTER COMMUNICATIONS INC NEW","CHTR","Sept. 8, 2016","Dec. 31, 2024"
"12345","LYONDELLBASELL INDUSTRIES N V","LYB","Sept. 5, 2012","Dec. 31, 2024"
"12369","GENERAL MOTORS CO","GM","June 7, 2013","Dec. 31, 2024"
"12431","INGERSOLL RAND PLC","IR","Nov. 17, 2010","Dec. 31, 2024"
"12490","INTERNATIONAL BUSINESS MACHS COR","IBM","March 1, 1957","Dec. 31, 2024"
"12542","NIELSEN HOLDINGS PLC","NLSN","July 9, 2013","Oct. 11, 2022"
"12558","KINDER MORGAN INC","KMI","May 25, 2012","Dec. 31, 2024"
"12622","H C A HOLDINGS INC","HCA","Jan. 27, 2015","Dec. 31, 2024"
"12650","KANSAS CITY SOUTHERN","KSU","May 24, 2013","Dec. 13, 2021"
"12872","MARATHON PETROLEUM CORP","MPC","July 1, 2011","Dec. 31, 2024"
"12981","FORTUNE BRANDS HOME & SECUR INC","FBHS","June 24, 2016","Dec. 16, 2022"
"13035","XYLEM INC","XYL","Nov. 1, 2011","Dec. 31, 2024"
"13103","DELPHI AUTOMOTIVE PLC","DLPH","Dec. 24, 2012","Dec. 31, 2024"
"13142","MICHAEL KORS HOLDINGS LTD","KORS","Nov. 13, 2013","May 11, 2020"
"13168","TRIPADVISOR INC","TRIP","Dec. 21, 2011","Dec. 20, 2019"
"13356","PHILLIPS 66","PSX","May 1, 2012","Dec. 31, 2024"
"13407","FACEBOOK INC","FB","Dec. 23, 2013","Dec. 31, 2024"
"13586","PENTAIR PLC","PNR","Oct. 1, 2012","Dec. 31, 2024"
"13688","P G & E CORP","PCG","Dec. 31, 1925","Jan. 17, 2019"
"13721","ABBVIE INC","ABBV","Jan. 2, 2013","Dec. 31, 2024"
"13788","ZOETIS INC","ZTS","June 24, 2013","Dec. 31, 2024"
"13856","PEPSICO INC","PEP","March 1, 1957","Dec. 31, 2024"
"13901","ALTRIA GROUP INC","MO","March 1, 1957","Dec. 31, 2024"
"13928","CONOCOPHILLIPS","COP","March 1, 1957","Dec. 31, 2024"
"13936","P V H CORP","PVH","Feb. 14, 2013","Sept. 16, 2022"
"13963","NEWS CORP NEW","NWSA","July 1, 2013","Dec. 31, 2024"
"13964","NEWS CORP NEW","NWS","Sept. 21, 2015","Dec. 31, 2024"
"13983","COTY INC","COTY","Oct. 3, 2016","Sept. 18, 2020"
"14008","AMGEN INC","AMGN","Jan. 2, 1992","Dec. 31, 2024"
"14011","MALLINCKRODT PLC","MNK","Aug. 19, 2014","July 25, 2017"
"14277","SCHLUMBERGER LTD","SLB","March 4, 1965","Dec. 31, 2024"
"14297","ALLEGION PLC","ALLE","Dec. 2, 2013","Dec. 31, 2024"
"14541","CHEVRON CORP NEW","CVX","Dec. 31, 1925","Dec. 31, 2024"
"14542","ALPHABET INC","GOOG","April 3, 2014","Dec. 31, 2024"
"14593","APPLE INC","AAPL","Nov. 18, 1982","Dec. 31, 2024"
"14601","NAVIENT CORP","NAVI","May 1, 2014","June 4, 2018"
"14702","APPLIED MATERIALS INC","AMAT","March 16, 1995","Dec. 31, 2024"
"14776","SYNCHRONY FINANCIAL","SYF","Nov. 18, 2015","Dec. 31, 2024"
"14889","CITIZENS FINANCIAL GROUP INC","CFG","Feb. 1, 2016","Dec. 31, 2024"
"15069","MARATHON OIL CORP","MRO","Dec. 31, 1925","Nov. 25, 2024"
"15202","VULCAN MATERIALS CO","VMC","July 1, 1999","Dec. 31, 2024"
"15408","KRAFT HEINZ CO","KHC","July 6, 2015","Dec. 31, 2024"
"15456","FOOT LOCKER INC","FL","April 4, 2016","Aug. 8, 2019"
"15488","PAYPAL HOLDINGS INC","PYPL","July 20, 2015","Dec. 31, 2024"
"15579","TEXAS INSTRUMENTS INC","TXN","March 25, 1959","Dec. 31, 2024"
"15707","HEWLETT PACKARD ENTERPRISE CO","HPE","Nov. 2, 2015","Dec. 31, 2024"
"15720","EDISON INTERNATIONAL","EIX","Dec. 31, 1925","Dec. 31, 2024"
"15797","C S R A INC","CSRA","Nov. 30, 2015","April 3, 2018"
"15980","UNDER ARMOUR INC","UA","April 8, 2016","June 17, 2022"
"16087","FORTIVE CORP","FTV","July 5, 2016","Dec. 31, 2024"
"16432","GOODYEAR TIRE & RUBBER CO","GT","Dec. 31, 1925","Feb. 26, 2019"
"16600","HERSHEY CO","HSY","March 1, 1957","Dec. 31, 2024"
"16678","KROGER CO","KR","March 1, 1957","Dec. 31, 2024"
"17005","C V S HEALTH CORP","CVS","March 1, 1957","Dec. 31, 2024"
"17144","GENERAL MILLS INC","GIS","Feb. 13, 1969","Dec. 31, 2024"
"17478","S & P GLOBAL INC","SPGI","March 1, 1957","Dec. 31, 2024"
"17750","KIMBERLY CLARK CORP","KMB","March 1, 1957","Dec. 31, 2024"
"17830","UNITED TECHNOLOGIES CORP","UTX","March 1, 1957","Dec. 31, 2024"
"18163","PROCTER & GAMBLE CO","PG","March 1, 1957","Dec. 31, 2024"
"18411","SOUTHERN CO","SO","June 7, 1944","Dec. 31, 2024"
"18542","CATERPILLAR INC","CAT","March 1, 1957","Dec. 31, 2024"
"18729","COLGATE PALMOLIVE CO","CL","March 1, 1957","Dec. 31, 2024"
"19166","F M C CORP","FMC","Aug. 19, 2009","Dec. 31, 2024"
"19350","DEERE & CO","DE","March 1, 1957","Dec. 31, 2024"
"19393","BRISTOL MYERS SQUIBB CO","BMY","March 1, 1957","Dec. 31, 2024"
"19502","WALGREENS BOOTS ALLIANCE INC","WBA","Oct. 11, 1979","Dec. 31, 2024"
"19561","BOEING CO","BA","March 1, 1957","Dec. 31, 2024"
"19583","INVESCO LTD","IVZ","Aug. 21, 2008","Dec. 31, 2024"
"20415","LEUCADIA NATIONAL CORP","LUK","Aug. 27, 2007","Sept. 25, 2019"
"20482","ABBOTT LABORATORIES","ABT","March 1, 1957","Dec. 31, 2024"
"20626","DOW CHEMICAL CO","DOW","April 20, 1954","Aug. 31, 2017"
"21020","AMERICAN AIRLINES GROUP INC","AAL","March 23, 2015","Sept. 20, 2024"
"21178","LOCKHEED MARTIN CORP","LMT","July 19, 1984","Dec. 31, 2024"
"21186","WESTROCK CO","WRK","March 1, 1957","July 5, 2024"
"21207","NEWMONT MINING CORP","NEM","May 15, 1969","Dec. 31, 2024"
"21371","CARDINAL HEALTH INC","CAH","May 27, 1997","Dec. 31, 2024"
"21573","INTERNATIONAL PAPER CO","IP","Dec. 31, 1925","Dec. 31, 2024"
"21776","EXELON CORP","EXC","June 7, 1944","Dec. 31, 2024"
"21792","CENTERPOINT ENERGY INC","CNP","July 25, 1985","Dec. 31, 2024"
"21936","PFIZER INC","PFE","March 1, 1957","Dec. 31, 2024"
"22103","EMERSON ELECTRIC CO","EMR","Jan. 7, 1965","Dec. 31, 2024"
"22111","JOHNSON & JOHNSON","JNJ","May 31, 1973","Dec. 31, 2024"
"22293","CORNING INC","GLW","March 1, 1957","Dec. 31, 2024"
"22509","P P G INDUSTRIES INC","PPG","March 1, 1957","Dec. 31, 2024"
"22517","P P L CORP","PPL","Nov. 27, 1995","Dec. 31, 2024"
"22592","3M CO","MMM","March 1, 1957","Dec. 31, 2024"
"22752","MERCK & CO INC NEW","MRK","March 1, 1957","Dec. 31, 2024"
"22779","MOTOROLA SOLUTIONS INC","MSI","March 1, 1957","Dec. 31, 2024"
"23026","FIRSTENERGY CORP","FE","July 10, 1957","Dec. 31, 2024"
"23085","SCANA CORP NEW","SCG","Jan. 2, 2009","Dec. 31, 2018"
"23229","C M S ENERGY CORP","CMS","May 3, 1999","Dec. 31, 2024"
"23393","CHURCH & DWIGHT INC","CHD","Dec. 29, 2015","Dec. 31, 2024"
"23473","CINCINNATI FINANCIAL CORP","CINF","Dec. 18, 1997","Dec. 31, 2024"
"23536","W E C ENERGY GROUP INC","WEC","Oct. 31, 2008","Dec. 31, 2024"
"23579","TEXTRON INC","TXT","Oct. 5, 1978","Dec. 31, 2024"
"23660","CINTAS CORP","CTAS","March 1, 2001","Dec. 31, 2024"
"23712","PUBLIC SERVICE ENTERPRISE GP INC","PEG","July 7, 1948","Dec. 31, 2024"
"23819","HALLIBURTON CO","HAL","March 1, 1957","Dec. 31, 2024"
"23887","FRONTIER COMMUNICATIONS CORP","FTR","Feb. 27, 2001","March 17, 2017"
"23931","X C E L ENERGY INC","XEL","July 6, 1949","Dec. 31, 2024"
"24010","ENTERGY CORP NEW","ETR","March 1, 1957","Dec. 31, 2024"
"24109","AMERICAN ELECTRIC POWER CO INC","AEP","Sept. 6, 1951","Dec. 31, 2024"
"24205","NEXTERA ENERGY INC","NEE","July 1, 1976","Dec. 31, 2024"
"24328","E Q T CORP","EQT","Dec. 19, 2008","Nov. 12, 2018"
"24459","PITNEY BOWES INC","PBI","March 1, 1957","Feb. 28, 2017"
"24643","ARCONIC INC","ARNC","March 1, 1957","Dec. 31, 2024"
"24766","NORTHROP GRUMMAN CORP","NOC","June 13, 1985","Dec. 31, 2024"
"24942","RAYTHEON CO","RTN","March 1, 1957","April 3, 2020"
"24985","AMEREN CORP","AEE","Sept. 20, 1991","Dec. 31, 2024"
"25081","COMERICA INC","CMA","Dec. 1, 1995","June 21, 2024"
"25232","ONEOK INC NEW","OKE","March 15, 2010","Dec. 31, 2024"
"25320","CAMPBELL SOUP CO","CPB","March 1, 1957","Dec. 31, 2024"
"25419","WHIRLPOOL CORP","WHR","April 1, 1959","March 15, 2024"
"25582","HARRIS CORP","HRS","Sept. 22, 2008","Dec. 31, 2024"
"25778","C A INC","CA","July 9, 1987","Nov. 5, 2018"
"25785","FORD MOTOR CO DEL","F","March 1, 1957","Dec. 31, 2024"
"25953","DOVER CORP","DOV","Oct. 24, 1985","Dec. 31, 2024"
"26403","DISNEY WALT CO","DIS","July 1, 1976","Dec. 31, 2024"
"26710","LOEWS CORP","L","May 10, 1995","Dec. 31, 2024"
"26825","KELLOGG CO","K","April 26, 1961","Dec. 31, 2024"
"27043","VARIAN MEDICAL SYSTEMS INC","VAR","Feb. 12, 2007","April 19, 2021"
"27633","RYDER SYSTEMS INC","R","Dec. 30, 1982","June 16, 2017"
"27828","H P INC","HPQ","Oct. 17, 1974","Dec. 31, 2024"
"27887","BAXTER INTERNATIONAL INC","BAX","Sept. 14, 1972","Dec. 31, 2024"
"27959","DUKE ENERGY CORP NEW","DUK","July 1, 1976","Dec. 31, 2024"
"27983","XEROX CORP","XRX","Sept. 5, 1963","March 19, 2021"
"27991","PINNACLE WEST CAPITAL CORP","PNW","Oct. 4, 1999","Dec. 31, 2024"
"28222","AIR PRODUCTS & CHEMICALS INC","APD","April 11, 1985","Dec. 31, 2024"
"28345","MURPHY OIL CORP","MUR","Aug. 15, 2005","July 25, 2017"
"28388","VORNADO REALTY TRUST","VNO","Aug. 12, 2005","Jan. 4, 2023"
"28484","HESS CORP","HES","May 17, 1984","Dec. 31, 2024"
"28804","ALASKA AIRGROUP INC","ALK","May 13, 2016","Dec. 15, 2023"
"29946","BROWN FORMAN CORP","BF","Oct. 14, 1982","Dec. 31, 2024"
"30681","OMNICOM GROUP INC","OMC","Dec. 24, 1997","Dec. 31, 2024"
"30940","FLOWSERVE CORP","FLS","Oct. 2, 2008","March 19, 2021"
"32707","HELMERICH & PAYNE INC","HP","March 1, 2010","May 21, 2020"
"32870","HORMEL FOODS CORP","HRL","March 4, 2009","Dec. 31, 2024"
"34032","MASCO CORP","MAS","June 18, 1981","Dec. 31, 2024"
"34746","FIFTH THIRD BANCORP","FITB","March 8, 1996","Dec. 31, 2024"
"34817","NUCOR CORP","NUE","April 18, 1985","Dec. 31, 2024"
"34833","OCCIDENTAL PETROLEUM CORP","OXY","Dec. 9, 1982","Dec. 31, 2024"
"35044","REGIONS FINANCIAL CORP NEW","RF","Aug. 28, 1998","Dec. 31, 2024"
"35554","M & T BANK CORP","MTB","Feb. 27, 2004","Dec. 31, 2024"
"36468","SHERWIN WILLIAMS CO","SHW","May 14, 1964","Dec. 31, 2024"
"37284","TESORO CORP","TSO","Sept. 27, 2007","Sept. 28, 2018"
"37584","FRANKLIN RESOURCES INC","BEN","April 29, 1998","Dec. 31, 2024"
"38093","GALLAGHER ARTHUR J & CO","AJG","May 31, 2016","Dec. 31, 2024"
"38156","WILLIAMS COS","WMB","Feb. 6, 1975","Dec. 31, 2024"
"38703","WELLS FARGO & CO NEW","WFC","July 1, 1976","Dec. 31, 2024"
"38762","NISOURCE INC","NI","Nov. 2, 2000","Dec. 31, 2024"
"39490","APACHE CORP","APA","July 28, 1997","Dec. 31, 2024"
"39538","MATTEL INC","MAT","March 11, 1982","June 6, 2019"
"39642","BECTON DICKINSON & CO","BDX","Sept. 14, 1972","Dec. 31, 2024"
"39917","WEYERHAEUSER CO","WY","Dec. 5, 1963","Dec. 31, 2024"
"40272","INTERNATIONAL FLAVORS & FRAG INC","IFF","March 4, 1976","Dec. 31, 2024"
"40539","T J X COMPANIES INC NEW","TJX","Sept. 26, 1985","Dec. 31, 2024"
"41080","CUMMINS INC","CMI","Jan. 7, 1965","Dec. 31, 2024"
"41355","PARKER HANNIFIN CORP","PH","Nov. 7, 1985","Dec. 31, 2024"
"42200","PERKINELMER INC","PKI","May 9, 1985","Dec. 31, 2024"
"42585","SMUCKER J M CO","SJM","Nov. 6, 2008","Dec. 31, 2024"
"42877","HUNT J B TRANSPORT SERVICES INC","JBHT","July 1, 2015","Dec. 31, 2024"
"42906","HUNTINGTON BANCSHARES INC","HBAN","Aug. 6, 1997","Dec. 31, 2024"
"43350","STANLEY BLACK & DECKER INC","SWK","Sept. 16, 1982","Dec. 31, 2024"
"43449","MCDONALDS CORP","MCD","June 25, 1970","Dec. 31, 2024"
"43553","V F CORP","VFC","May 3, 1979","April 2, 2024"
"44206","EVERSOURCE ENERGY","ES","March 17, 2009","Dec. 31, 2024"
"44601","AVERY DENNISON CORP","AVY","Dec. 24, 1987","Dec. 31, 2024"
"44644","AUTOMATIC DATA PROCESSING INC","ADP","Feb. 26, 1981","Dec. 31, 2024"
"45356","JOHNSON CONTROLS INTL PLC","JCI","Aug. 27, 2010","Dec. 31, 2024"
"45751","MARSH & MCLENNAN COS INC","MMC","Aug. 6, 1987","Dec. 31, 2024"
"45911","SKYWORKS SOLUTIONS INC","SWKS","March 12, 2015","Dec. 31, 2024"
"46578","CLOROX CO","CLX","Jan. 16, 1969","Dec. 31, 2024"
"46674","GENUINE PARTS CO","GPC","Nov. 15, 1973","Dec. 31, 2024"
"46703","HOST HOTELS & RESORTS INC","HST","March 20, 2007","Dec. 31, 2024"
"46877","BARD C R INC","BCR","June 12, 1975","Jan. 2, 2018"
"46886","K L A TENCOR CORP","KLAC","Sept. 15, 1997","Dec. 31, 2024"
"47896","JPMORGAN CHASE & CO","JPM","July 1, 1976","Dec. 31, 2024"
"47941","TEGNA INC","TGNA","Dec. 11, 1975","June 1, 2017"
"48486","LAM RESH CORP","LRCX","June 5, 2012","Dec. 31, 2024"
"48506","MOODYS CORP","MCO","Dec. 27, 1979","Dec. 31, 2024"
"48653","HUMANA INC","HUM","Dec. 1, 1995","Dec. 31, 2024"
"48725","UNION PACIFIC CORP","UNP","July 16, 1969","Dec. 31, 2024"
"49015","LINCOLN NATIONAL CORP","LNC","July 1, 1976","Sept. 15, 2023"
"49154","TARGET CORP","TGT","Dec. 9, 1976","Dec. 31, 2024"
"49373","BLOCK H & R INC","HRB","Nov. 28, 1986","Sept. 18, 2020"
"49656","BANK OF NEW YORK MELLON CORP","BK","March 31, 1995","Dec. 31, 2024"
"49680","DANAHER CORP","DHR","Nov. 18, 1998","Dec. 31, 2024"
"50017","RANGE RESOURCES CORP","RRC","Dec. 21, 2007","June 15, 2018"
"50876","LILLY ELI & CO","LLY","Nov. 19, 1970","Dec. 31, 2024"
"52038","SYSCO CORP","SYY","Dec. 18, 1986","Dec. 31, 2024"
"52090","MCCORMICK & CO INC","MKC","March 21, 2003","Dec. 31, 2024"
"52230","ROBERT HALF INTERNATIONAL INC","RHI","Dec. 5, 2000","June 21, 2024"
"52329","JACOBS ENGINEERING GROUP INC","JEC","Oct. 26, 2007","Dec. 31, 2024"
"52476","EQUIFAX INC","EFX","June 19, 1997","Dec. 31, 2024"
"52695","GRAINGER W W INC","GWW","May 14, 1981","Dec. 31, 2024"
"52708","LENNAR CORP","LEN","Oct. 4, 2005","Dec. 31, 2024"
"52978","HASBRO INC","HAS","Sept. 13, 1984","Dec. 31, 2024"
"53065","INTERPUBLIC GROUP COS INC","IPG","Oct. 30, 1992","Dec. 31, 2024"
"53613","MICRON TECHNOLOGY INC","MU","Sept. 27, 1994","Dec. 31, 2024"
"54148","PULTE GROUP INC","PHM","April 12, 1984","Dec. 31, 2024"
"55976","WAL MART STORES INC","WMT","Aug. 19, 1982","Dec. 31, 2024"
"56274","CONAGRA BRANDS INC","CAG","Sept. 1, 1983","Dec. 31, 2024"
"56573","ILLINOIS TOOL WORKS INC","ITW","Feb. 13, 1986","Dec. 31, 2024"
"57568","BALL CORP","BLL","Oct. 4, 1984","Dec. 31, 2024"
"57665","NIKE INC","NKE","Nov. 3, 1988","Dec. 31, 2024"
"57817","NORDSTROM INC","JWN","Aug. 7, 1986","June 19, 2020"
"57904","AFLAC INC","AFL","May 28, 1999","Dec. 31, 2024"
"58246","NORTHERN TRUST CORP","NTRS","Jan. 30, 1998","Dec. 31, 2024"
"58413","FEDERAL REALTY INVESTMENT TRUST","FRT","Feb. 1, 2016","Dec. 31, 2024"
"58683","SOUTHWEST AIRLINES CO","LUV","July 13, 1994","Dec. 31, 2024"
"58819","ALLIANT ENERGY CORP","LNT","July 1, 2016","Dec. 31, 2024"
"59010","GAP INC","GPS","Aug. 21, 1986","Feb. 2, 2022"
"59176","AMERICAN EXPRESS CO","AXP","July 1, 1976","Dec. 31, 2024"
"59248","MOLSON COORS BREWING CO","TAP","July 1, 1976","Dec. 31, 2024"
"59300","U D R INC","UDR","March 7, 2016","Dec. 31, 2024"
"59328","INTEL CORP","INTC","Dec. 9, 1976","Dec. 31, 2024"
"59408","BANK OF AMERICA CORP","BAC","July 1, 1976","Dec. 31, 2024"
"59459","TRAVELERS COMPANIES INC","TRV","July 1, 1976","Dec. 31, 2024"
"60097","MEDTRONIC PLC","MDT","Oct. 23, 1986","Dec. 31, 2024"
"60206","SNAP ON INC","SNA","Sept. 16, 1982","Dec. 31, 2024"
"60442","P N C FINANCIAL SERVICES GRP INC","PNC","April 14, 1988","Dec. 31, 2024"
"60506","PACCAR INC","PCAR","Oct. 2, 1980","Dec. 31, 2024"
"60599","CENTURYLINK INC","CTL","March 25, 1999","March 17, 2023"
"60628","FEDEX CORP","FDX","Nov. 6, 1980","Dec. 31, 2024"
"60871","ANALOG DEVICES INC","ADI","Oct. 12, 1999","Dec. 31, 2024"
"60943","LEGGETT & PLATT INC","LEG","Oct. 18, 1999","Dec. 17, 2021"
"60986","NEWELL BRANDS INC","NWL","April 27, 1989","Sept. 15, 2023"
"61399","LOWES COMPANIES INC","LOW","March 1, 1984","Dec. 31, 2024"
"61621","PAYCHEX INC","PAYX","Oct. 1, 1998","Dec. 31, 2024"
"61735","AON PLC","AON","April 23, 1996","Dec. 31, 2024"
"61815","NOBLE ENERGY INC","NBL","Oct. 8, 2007","Oct. 9, 2020"
"62092","THERMO FISHER SCIENTIFIC INC","TMO","Jan. 2, 1997","Dec. 31, 2024"
"62148","C S X CORP","CSX","Nov. 6, 1980","Dec. 31, 2024"
"62308","TORCHMARK CORP","TMK","April 27, 1989","Dec. 31, 2024"
"63765","SOUTHWESTERN ENERGY CO","SWN","June 6, 2008","April 3, 2017"
"64186","CIGNA CORP","CI","April 8, 1982","Dec. 31, 2024"
"64282","L BRANDS INC","LB","Sept. 15, 1983","Sept. 30, 2024"
"64311","NORFOLK SOUTHERN CORP","NSC","June 3, 1982","Dec. 31, 2024"
"64390","PROGRESSIVE CORP OH","PGR","Aug. 4, 1997","Dec. 31, 2024"
"64653","PUBLIC STORAGE","PSA","Aug. 19, 2005","Dec. 31, 2024"
"64936","DOMINION RESOURCES INC VA NEW","D","May 20, 1983","Dec. 31, 2024"
"64995","KEYCORP NEW","KEY","March 2, 1994","Dec. 31, 2024"
"65541","COOPER COMPANIES INC","COO","Sept. 23, 2016","Dec. 31, 2024"
"65875","VERIZON COMMUNICATIONS INC","VZ","Dec. 1, 1983","Dec. 31, 2024"
"65947","WELLTOWER INC","HCN","Jan. 30, 2009","Dec. 31, 2024"
"66093","A T & T INC","T","Dec. 1, 1983","Dec. 31, 2024"
"66157","U S BANCORP DEL","USB","Oct. 23, 1995","Dec. 31, 2024"
"66181","HOME DEPOT INC","HD","March 3, 1988","Dec. 31, 2024"
"66384","WESTERN DIGITAL CORP","WDC","July 1, 2009","Dec. 31, 2024"
"66800","AMERICAN INTERNATIONAL GROUP INC","AIG","Feb. 14, 1980","Dec. 31, 2024"
"67598","H C P INC","HCP","March 31, 2008","Dec. 31, 2024"
"68144","SUNTRUST BANKS INC","STI","May 5, 1988","Dec. 6, 2019"
"68591","ST JUDE MEDICAL INC","STJ","Dec. 1, 1989","Jan. 4, 2017"
"69032","MORGAN STANLEY DEAN WITTER & CO","MS","Sept. 22, 1995","Dec. 31, 2024"
"69550","MYLAN N V","MYL","April 23, 2004","Nov. 16, 2020"
"69796","CONSTELLATION BRANDS INC","STZ","July 5, 2005","Dec. 31, 2024"
"70033","HARLEY DAVIDSON INC","HOG","Jan. 31, 2000","June 19, 2020"
"70332","ANADARKO PETROLEUM CORP","APC","July 28, 1997","Aug. 8, 2019"
"70519","CITIGROUP INC","C","May 26, 1988","Dec. 31, 2024"
"70578","ECOLAB INC","ECL","Jan. 12, 1989","Dec. 31, 2024"
"71175","UNUM GROUP","UNM","March 11, 1994","Sept. 17, 2021"
"71563","B B & T CORP","BBT","Dec. 4, 1997","Dec. 31, 2024"
"72726","STATE STREET CORP","STT","Aug. 15, 1997","Dec. 31, 2024"
"73139","STRYKER CORP","SYK","Dec. 12, 2000","Dec. 31, 2024"
"75034","BAKER HUGHES INC","BHI","April 9, 1987","Dec. 31, 2024"
"75100","TIFFANY & CO NEW","TIF","June 21, 2000","Jan. 6, 2021"
"75154","CARNIVAL CORP","CCL","Dec. 22, 1998","Dec. 31, 2024"
"75186","SCHWAB CHARLES CORP NEW","SCHW","June 2, 1997","Dec. 31, 2024"
"75224","HARMAN INTL INDS INC NEW","HAR","Feb. 1, 2006","March 15, 2017"
"75241","PIONEER NATURAL RESOURCES CO","PXD","Sept. 24, 2008","May 7, 2024"
"75489","STAPLES INC","SPLS","Oct. 7, 1998","Sept. 15, 2017"
"75510","ADOBE SYSTEMS INC","ADBE","May 6, 1997","Dec. 31, 2024"
"75607","SYMANTEC CORP","SYMC","March 31, 2003","Dec. 31, 2024"
"75819","VENTAS INC","VTR","March 4, 2009","Dec. 31, 2024"
"75825","EOG RESOURCES INC","EOG","Nov. 2, 2000","Dec. 31, 2024"
"75828","ELECTRONIC ARTS INC","EA","July 22, 2002","Dec. 31, 2024"
"76076","CISCO SYSTEMS INC","CSCO","Dec. 31, 1993","Dec. 31, 2024"
"76082","CABOT OIL & GAS CORP","COG","June 23, 2008","Dec. 31, 2024"
"76095","HOLOGIC INC","HOLX","March 30, 2016","Dec. 31, 2024"
"76201","XILINX INC","XLNX","Nov. 8, 1999","Feb. 14, 2022"
"76226","C B S CORP NEW","CBS","Sept. 30, 1994","Dec. 31, 2024"
"76282","AUTONATION INC DEL","AN","Feb. 24, 2003","Aug. 7, 2017"
"76605","AUTOZONE INC","AZO","Jan. 2, 1997","Dec. 31, 2024"
"76614","REGENERON PHARMACEUTICALS INC","REGN","May 1, 2013","Dec. 31, 2024"
"76639","TOTAL SYSTEM SERVICES INC","TSS","Jan. 2, 2008","Sept. 20, 2019"
"76712","A E S CORP","AES","Oct. 2, 1998","Dec. 31, 2024"
"76744","VERTEX PHARMACEUTICALS INC","VRTX","Sept. 23, 2013","Dec. 31, 2024"
"76841","BIOGEN INC","BIIB","Nov. 13, 2003","Dec. 31, 2024"
"77129","KIMCO REALTY CORP","KIM","April 3, 2006","Dec. 31, 2024"
"77178","QUALCOMM INC","QCOM","July 22, 1999","Dec. 31, 2024"
"77182","PERRIGO CO PLC","PRGO","Dec. 19, 2011","Sept. 17, 2021"
"77274","GILEAD SCIENCES INC","GILD","July 1, 2004","Dec. 31, 2024"
"77281","WHOLE FOODS MARKET INC","WFM","Jan. 3, 2006","Aug. 28, 2017"
"77338","ROPER TECHNOLOGIES INC","ROP","Dec. 23, 2009","Dec. 31, 2024"
"77418","TIME WARNER INC NEW","TWX","Jan. 4, 1999","June 19, 2018"
"77462","MACYS INC","M","Dec. 1, 1995","April 3, 2020"
"77496","MOHAWK INDUSTRIES INC","MHK","Dec. 23, 2013","Dec. 31, 2024"
"77605","BOSTON SCIENTIFIC CORP","BSX","Feb. 24, 1995","Dec. 31, 2024"
"77606","KOHLS CORP","KSS","Aug. 14, 1998","Sept. 18, 2020"
"77659","BED BATH & BEYOND INC","BBBY","Oct. 1, 1999","July 25, 2017"
"77661","D R HORTON INC","DHI","July 5, 2005","Dec. 31, 2024"
"77668","EXPRESS SCRIPTS HOLDING CO","ESRX","Sept. 26, 2003","Dec. 21, 2018"
"77702","STARBUCKS CORP","SBUX","June 8, 2000","Dec. 31, 2024"
"77730","TYSON FOODS INC","TSN","Aug. 11, 2005","Dec. 31, 2024"
"77768","PRAXAIR INC","PX","July 6, 1992","Oct. 30, 2018"
"78034","PATTERSON COMPANIES INC","PDCO","Oct. 11, 2005","March 16, 2018"
"78877","CHESAPEAKE ENERGY CORP","CHK","March 3, 2006","March 16, 2018"
"78916","ALLERGAN PLC","AGN","April 12, 1999","May 11, 2020"
"78975","INTUIT INC","INTU","Dec. 11, 2000","Dec. 31, 2024"
"78987","MICROCHIP TECHNOLOGY INC","MCHP","Sept. 7, 2007","Dec. 31, 2024"
"79057","CHUBB LTD","CB","July 15, 2010","Dec. 31, 2024"
"79103","O REILLY AUTOMOTIVE INC NEW","ORLY","March 27, 2009","Dec. 31, 2024"
"79129","GENERAL GROWTH PPTYS INC NEW","GGP","Dec. 10, 2013","Aug. 27, 2018"
"79145","ROYAL CARIBBEAN CRUISES LTD","RCL","Dec. 5, 2014","Dec. 31, 2024"
"79237","TRANSOCEAN LTD","RIG","Oct. 29, 2013","July 25, 2017"
"79265","FLIR SYSTEMS INC","FLIR","Jan. 2, 2009","May 13, 2021"
"79323","ALLSTATE CORP","ALL","July 13, 1995","Dec. 31, 2024"
"79545","BORGWARNER INC","BWA","Dec. 19, 2011","Dec. 31, 2024"
"79547","EQUITY RESIDENTIAL","EQR","Dec. 3, 2001","Dec. 31, 2024"
"79637","UNIVERSAL HEALTH SERVICES INC","UHS","Sept. 22, 2014","Dec. 31, 2024"
"79678","ACTIVISION BLIZZARD INC","ATVI","Aug. 31, 2015","Oct. 17, 2023"
"79881","URBAN OUTFITTERS INC","URBN","Feb. 8, 2010","March 17, 2017"
"79915","NEWFIELD EXPLORATION CO","NFX","Dec. 20, 2010","Feb. 14, 2019"
"80080","EASTMAN CHEMICAL CO","EMN","Jan. 4, 1994","Dec. 31, 2024"
"80100","SIMON PROPERTY GROUP INC NEW","SPG","June 26, 2002","Dec. 31, 2024"
"80183","MID AMERICA APT COMMUNITIES INC","MAA","Dec. 2, 2016","Dec. 31, 2024"
"80191","ALBEMARLE CORP","ALB","July 1, 2016","Dec. 31, 2024"
"80204","MARTIN MARIETTA MATERIALS INC","MLM","July 2, 2014","Dec. 31, 2024"
"80286","TRACTOR SUPPLY CO NEW","TSCO","Jan. 24, 2014","Dec. 31, 2024"
"80381","AVALONBAY COMMUNITIES INC","AVB","Jan. 10, 2007","Dec. 31, 2024"
"80399","MACERICH CO","MAC","May 9, 2013","Dec. 20, 2019"
"80681","ESSEX PROPERTY TRUST INC","ESS","April 2, 2014","Dec. 31, 2024"
"80711","APARTMENT INVESTMENT & MGMT CO","AIV","March 14, 2003","Dec. 18, 2020"
"81045","REALTY INCOME CORP","O","April 7, 2015","Dec. 31, 2024"
"81055","CAPITAL ONE FINANCIAL CORP","COF","July 1, 1998","Dec. 31, 2024"
"81061","MCKESSON H B O C INC","MCK","Jan. 13, 1999","Dec. 31, 2024"
"81481","DOLLAR TREE INC","DLTR","Dec. 19, 2011","Dec. 31, 2024"
"81540","AMERISOURCEBERGEN CORP","ABC","Aug. 30, 2001","Dec. 31, 2024"
"81655","DARDEN RESTAURANTS INC","DRI","May 30, 1995","Dec. 31, 2024"
"81774","FREEPORT MCMORAN INC","FCX","July 31, 1995","Dec. 31, 2024"
"82307","DAVITA INC","DVA","July 31, 2008","Dec. 31, 2024"
"82581","SCHEIN HENRY INC","HSIC","March 18, 2015","Dec. 31, 2024"
"82598","NETAPP INC","NTAP","June 25, 1999","Dec. 31, 2024"
"82642","LAUDER ESTEE COS INC","EL","Jan. 5, 2006","Dec. 31, 2024"
"82651","WATERS CORP","WAT","Jan. 2, 2002","Dec. 31, 2024"
"82686","CITRIX SYSTEMS INC","CTXS","Dec. 1, 1999","Sept. 30, 2022"
"82775","HARTFORD FINANCIAL SVCS GRP INC","HIG","Dec. 20, 1995","Dec. 31, 2024"
"83111","ALEXION PHARMACEUTICALS INC","ALXN","May 25, 2012","July 20, 2021"
"83143","IRON MOUNTAIN INC NEW","IRM","Jan. 6, 2009","Dec. 31, 2024"
"83435","YAHOO INC","YHOO","Dec. 8, 1999","June 16, 2017"
"83443","BERKSHIRE HATHAWAY INC DEL","BRK","Feb. 16, 2010","Dec. 31, 2024"
"83862","E TRADE FINANCIAL CORP","ETFC","April 1, 2004","Oct. 6, 2020"
"83906","STERICYCLE INC","SRCL","Nov. 19, 2008","Nov. 30, 2018"
"84032","NATIONAL OILWELL VARCO INC","NOV","March 14, 2005","Sept. 17, 2021"
"84129","ZIONS BANCORPORATION","ZION","June 25, 2001","March 15, 2024"
"84373","QUEST DIAGNOSTICS INC","DGX","Dec. 12, 2002","Dec. 31, 2024"
"84381","ROCKWELL AUTOMATION INC","ROK","Dec. 9, 1996","Dec. 31, 2024"
"84769","AMPHENOL CORP NEW","APH","Sept. 30, 2008","Dec. 31, 2024"
"84788","AMAZON COM INC","AMZN","Nov. 21, 2005","Dec. 31, 2024"
"85035","QORVO INC","QRVO","June 12, 2015","Dec. 20, 2024"
"85058","BOSTON PROPERTIES INC","BXP","April 3, 2006","Dec. 31, 2024"
"85072","RALPH LAUREN CORP","RL","Feb. 2, 2007","Dec. 31, 2024"
"85257","AMETEK INC NEW","AME","Sept. 23, 2013","Dec. 31, 2024"
"85265","S L GREEN REALTY CORP","SLG","March 23, 2015","March 19, 2021"
"85269","VALERO ENERGY CORP NEW","VLO","April 29, 2004","Dec. 31, 2024"
"85348","YUM BRANDS INC","YUM","Oct. 7, 1997","Dec. 31, 2024"
"85459","CH ROBINSON WORLDWIDE INC","CHRW","March 2, 2007","Dec. 31, 2024"
"85592","PROLOGIS INC","PLD","June 3, 2011","Dec. 31, 2024"
"85593","AFFILIATED MANAGERS GROUP INC","AMG","July 1, 2014","Dec. 20, 2019"
"85621","METTLER TOLEDO INTERNATIONAL INC","MTD","Sept. 6, 2016","Dec. 31, 2024"
"85631","AUTODESK INC","ADSK","Dec. 21, 1989","Dec. 31, 2024"
"85663","UNITED RENTALS INC","URI","Sept. 22, 2014","Dec. 31, 2024"
"85675","ENVISION HEALTHCARE CORP","EVHC","Dec. 2, 2016","Oct. 10, 2018"
"85753","VERISIGN INC","VRSN","Feb. 1, 2006","Dec. 31, 2024"
"85792","QUANTA SERVICES INC","PWR","July 1, 2009","Dec. 31, 2024"
"85913","MARRIOTT INTERNATIONAL INC NEW","MAR","May 21, 1998","Dec. 31, 2024"
"85914","BEST BUY COMPANY INC","BBY","June 30, 1999","Dec. 31, 2024"
"85926","SEALED AIR CORP NEW","SEE","April 1, 1998","Dec. 15, 2023"
"85991","LEVEL 3 COMMUNICATIONS INC","LVLT","Nov. 5, 2014","Oct. 12, 2017"
"86021","L 3 COMMUNICATIONS HLDGS INC","LLL","Dec. 1, 2004","June 28, 2019"
"86111","AMERICAN TOWER CORP NEW","AMT","Nov. 19, 2007","Dec. 31, 2024"
"86136","SEMPRA ENERGY","SRE","June 30, 1998","Dec. 31, 2024"
"86158","COGNIZANT TECHNOLOGY SOLS CORP","CTSH","Nov. 17, 2006","Dec. 31, 2024"
"86228","REPUBLIC SERVICES INC","RSG","Dec. 5, 2008","Dec. 31, 2024"
"86314","X L GROUP LTD","XL","Sept. 4, 2001","Sept. 14, 2018"
"86339","CROWN CASTLE INTL CORP NEW","CCI","March 14, 2012","Dec. 31, 2024"
"86356","EBAY INC","EBAY","July 22, 2002","Dec. 31, 2024"
"86580","NVIDIA CORP","NVDA","Nov. 30, 2001","Dec. 31, 2024"
"86783","PRICELINE GROUP INC","PCLN","Nov. 6, 2009","Dec. 31, 2024"
"86868","GOLDMAN SACHS GROUP INC","GS","July 22, 2002","Dec. 31, 2024"
"86946","REYNOLDS AMERICAN INC","RAI","Sept. 4, 2002","July 25, 2017"
"86964","F 5 NETWORKS INC","FFIV","Dec. 20, 2010","Dec. 31, 2024"
"86979","JUNIPER NETWORKS INC","JNPR","June 2, 2006","Dec. 31, 2024"
"87055","COSTCO WHOLESALE CORP NEW","COST","Oct. 22, 1993","Dec. 31, 2024"
"87137","DEVON ENERGY CORP NEW","DVN","Aug. 30, 2000","Dec. 31, 2024"
"87184","RED HAT INC","RHT","July 27, 2009","July 12, 2019"
"87267","BLACKROCK INC","BLK","April 4, 2011","Dec. 31, 2024"
"87299","AKAMAI TECHNOLOGIES INC","AKAM","July 12, 2007","Dec. 31, 2024"
"87432","AGILENT TECHNOLOGIES INC","A","June 5, 2000","Dec. 31, 2024"
"87447","UNITED PARCEL SERVICE INC","UPS","July 22, 2002","Dec. 31, 2024"
"87657","EDWARDS LIFESCIENCES CORP","EW","April 1, 2011","Dec. 31, 2024"
"87717","EXPEDITORS INTERNATIONAL WA INC","EXPD","Oct. 10, 2007","Dec. 31, 2024"
"87842","METLIFE INC","MET","Dec. 11, 2000","Dec. 31, 2024"
"88031","MONSTER BEVERAGE CORP NEW","MNST","June 29, 2012","Dec. 31, 2024"
"88352","INTUITIVE SURGICAL INC","ISRG","June 2, 2008","Dec. 31, 2024"
"88436","ENDO INTERNATIONAL PLC","ENDP","Jan. 27, 2015","March 1, 2017"
"88446","ILLUMINA INC","ILMN","Nov. 19, 2015","June 21, 2024"
"88590","DUN & BRADSTREET CORP DEL NEW","DNB","Dec. 2, 2008","April 4, 2017"
"88661","COACH INC","COH","Sept. 1, 2004","Dec. 31, 2024"
"88668","MONSANTO CO NEW","MON","Aug. 14, 2002","June 6, 2018"
"88837","GARMIN LTD","GRMN","Dec. 12, 2012","Dec. 31, 2024"
"88845","AETNA INC NEW","AET","Dec. 14, 2000","Nov. 30, 2018"
"88853","FLUOR CORP NEW","FLR","Dec. 22, 2000","June 3, 2019"
"88873","GLOBAL PAYMENTS INC","GPN","April 25, 2016","Dec. 31, 2024"
"89002","ALLIANCE DATA SYSTEMS CORP","ADS","Dec. 23, 2013","June 19, 2020"
"89003","FIDELITY NATIONAL INFO SVCS INC","FIS","Nov. 10, 2006","Dec. 31, 2024"
"89004","F M C TECHNOLOGIES INC","FTI","June 5, 2009","Jan. 13, 2017"
"89006","MONDELEZ INTERNATIONAL INC","MDLZ","April 2, 2007","Dec. 31, 2024"
"89014","ROCKWELL COLLINS INC","COL","July 2, 2001","Nov. 30, 2018"
"89017","WILLIS TOWERS WATSON PUB LTD CO","WLTW","Jan. 5, 2016","Dec. 31, 2024"
"89070","ZIMMER BIOMET HOLDINGS INC","ZBH","Aug. 7, 2001","Dec. 31, 2024"
"89071","ACCENTURE PLC IRELAND","ACN","July 6, 2011","Dec. 31, 2024"
"89179","ANTHEM INC","ANTM","July 25, 2002","Dec. 31, 2024"
"89195","PRINCIPAL FINANCIAL GROUP INC","PFG","July 22, 2002","Dec. 31, 2024"
"89216","ACUITY BRANDS INC","AYI","May 3, 2016","June 15, 2018"
"89217","ADVANCE AUTO PARTS INC","AAP","July 9, 2015","Aug. 24, 2023"
"89258","PRUDENTIAL FINANCIAL INC","PRU","July 22, 2002","Dec. 31, 2024"
"89269","CENTENE CORP DEL","CNC","March 30, 2016","Dec. 31, 2024"
"89393","NETFLIX INC","NFLX","Dec. 20, 2010","Dec. 31, 2024"
"89508","CARMAX INC","KMX","June 28, 2010","Dec. 31, 2024"
"89509","CIMAREX ENERGY CO","XEC","June 23, 2014","March 2, 2020"
"89525","COMCAST CORP NEW","CMCSA","Nov. 19, 2002","Dec. 31, 2024"
"89533","WYNN RESORTS LTD","WYNN","Nov. 14, 2008","Dec. 31, 2024"
"89617","EQUINIX INC","EQIX","March 23, 2015","Dec. 31, 2024"
"89626","C M E GROUP INC","CME","Aug. 11, 2006","Dec. 31, 2024"
"89641","SEAGATE TECHNOLOGY PLC","STX","July 2, 2012","Dec. 31, 2024"
"89866","L K Q CORP","LKQ","May 23, 2016","Dec. 31, 2024"
"90038","ASSURANT INC","AIZ","April 10, 2007","Dec. 31, 2024"
"90071","N R G ENERGY INC","NRG","Jan. 29, 2010","Dec. 31, 2024"
"90199","C B R E GROUP INC","CBG","Nov. 10, 2006","Dec. 31, 2024"
"90215","SALESFORCE COM INC","CRM","Sept. 15, 2008","Dec. 31, 2024"
"90305","EXTRA SPACE STORAGE INC","EXR","Jan. 19, 2016","Dec. 31, 2024"
"90319","ALPHABET INC","GOOGL","April 3, 2006","Dec. 31, 2024"
"90373","DIGITAL REALTY TRUST INC","DLR","May 18, 2016","Dec. 31, 2024"
"90386","MOSAIC CO NEW","MOS","Sept. 26, 2011","Dec. 31, 2024"
"90441","TWENTY FIRST CENTURY FOX INC","FOXA","Dec. 20, 2004","March 19, 2019"
"90442","TWENTY FIRST CENTURY FOX INC","FOX","Sept. 21, 2015","March 19, 2019"
"90601","NASDAQ INC","NDAQ","Oct. 22, 2008","Dec. 31, 2024"
"90805","DISCOVERY COMMUNICATIONS INC","DISCA","March 1, 2010","April 8, 2022"
"90808","EXPEDIA INC DE","EXPE","Oct. 2, 2007","Dec. 31, 2024"
"90829","C F INDUSTRIES HOLDINGS INC","CF","Aug. 27, 2008","Dec. 31, 2024"
"90880","AMERIPRISE FINANCIAL INC","AMP","Oct. 3, 2005","Dec. 31, 2024"
"90979","UNDER ARMOUR INC","UAA","May 1, 2014","June 17, 2022"
"90993","INTERCONTINENTALEXCHANGE GRP INC","ICE","Sept. 26, 2007","Dec. 31, 2024"
"91063","VIACOM INC NEW","VIAB","Jan. 3, 2006","Dec. 4, 2019"
"91068","CHIPOTLE MEXICAN GRILL INC","CMG","April 28, 2011","Dec. 31, 2024"
"91103","UNITED CONTINENTAL HOLDINGS INC","UAL","Sept. 3, 2015","Dec. 31, 2024"
"91152","TRANSDIGM GROUP INC","TDG","June 3, 2016","Dec. 31, 2024"
"91233","MASTERCARD INC","MA","July 18, 2008","Dec. 31, 2024"
"91392","WYNDHAM WORLDWIDE CORP","WYN","Aug. 1, 2006","May 30, 2018"
"91416","HANESBRANDS INC","HBI","March 23, 2015","Dec. 17, 2021"
"91461","WESTERN UNION CO","WU","Oct. 2, 2006","Dec. 17, 2021"
"91556","ROSS STORES INC","ROST","Dec. 21, 2009","Dec. 31, 2024"
"91611","FIRST SOLAR INC","FSLR","Oct. 16, 2009","March 17, 2017"
"91650","SPECTRA ENERGY CORP","SE","Jan. 3, 2007","Feb. 27, 2017"
"91926","DELTA AIR LINES INC","DAL","Sept. 11, 2013","Dec. 31, 2024"
"92121","DISCOVER FINANCIAL SERVICES","DFS","July 2, 2007","Dec. 31, 2024"
"92157","T E CONNECTIVITY LTD","TEL","Oct. 17, 2011","Dec. 31, 2024"
"92239","CONCHO RESOURCES INC","CXO","Feb. 22, 2016","Jan. 20, 2021"
"92293","TERADATA CORP DE","TDC","Oct. 1, 2007","June 16, 2017"
"92322","ULTA SALON COSMETICS & FRAG INC","ULTA","April 18, 2016","Dec. 31, 2024"
"92602","PHILIP MORRIS INTERNATIONAL INC","PM","March 31, 2008","Dec. 31, 2024"
"92611","VISA INC","V","Dec. 21, 2009","Dec. 31, 2024"
"92614","AMERICAN WATER WORKS CO INC","AWK","March 4, 2016","Dec. 31, 2024"
"92618","DR PEPPER SNAPPLE GROUP INC","DPS","Oct. 7, 2008","June 29, 2018"
"92655","UNITEDHEALTH GROUP INC","UNH","July 1, 1994","Dec. 31, 2024"
"92709","SCRIPPS NETWORKS INTERACTIVE INC","SNI","July 1, 2008","March 6, 2018"
"92778","DISCOVERY COMMUNICATIONS INC","DISCK","Aug. 7, 2014","April 8, 2022"
"92890","MEAD JOHNSON NUTRITION CO","MJN","Dec. 21, 2009","June 16, 2017"
"93002","BROADCOM LTD","AVGO","May 8, 2014","Dec. 31, 2024"
"93089","VERISK ANALYTICS INC","VRSK","Oct. 8, 2015","Dec. 31, 2024"
"93096","DOLLAR GENERAL CORP NEW","DG","Dec. 3, 2012","Dec. 31, 2024"

